getName.ref2.,ref2Seq,V3,V4,V5,V6,V7,V8,V9,V10,V11
Glu_cluster1,tcccatattgtctagtggttaggatatccggctctcacccggaaggcccgggttcnattcccggtatgggaacca,5,tdbR00000060,tcccatatggtctagtggctaggatatctggctttcacccagaaggcccgggttcgattcccggtatgggaacca,NA,NA,NA,NA,NA,NA
His_cluster2,gccgtgatcgtctagtggttaggaccccacgttgtggccgtggtaacccaggttcgaatcctggtcacggcacca,1,tdbR00000147,ggccgtgatcgtctagtggttaggaccccacgttgtggccgtggtaacccaggttcgaatcctggtcacggcacca,NA,NA,NA,NA,NA,NA
Lys_cluster2,gcccggntagctcagtcggtagagcattggacttttaatccaagggtccagggttcaagtccctgntcgggcgcca,0,tdbR00000202,gcccggatagctcagtcggtagagcattggacttttaatccaagggtccagggttcaagtccctgttcgggcgcca,NA,NA,NA,NA,NA,NA
Lys_cluster1,gcccggctagctcagtcggtagagcatgagactcttaatctcagggtcgtgggttcgagccccacgttgggcgcca,0,tdbR00000201,gcccggctagctcagtcggtagagcatgagactcttaatctcagggtcgtgggttcgagccccacgttgggcgcca,NA,NA,NA,NA,NA,NA
Met_cluster2,agcagagtggcgcagtggaagcgtgctgggcccataacncagaggtccgaggatcgaaaccttgctctgctacca,0,tdbR00000533,agcagagtggcgcagtggaagcgtgctgggcccataacccagaggtccgaggatcgaaaccttgctctgctacca,NA,NA,NA,NA,NA,NA
Phe_cluster2,gccgaaatagctcagttgggagagcgttagactgaagatctaaaggtccccggttcaatcccgggtttcggcacca,0,tdbR00000095,gccgaaatagctcagttgggagagcgttagactgaagatctaaaggtccccggttcaatcccgggtttcggcacca,NA,NA,NA,NA,NA,NA
tRNA-SeC-TCA-1-1,gccccactgaacttcggtggtccggggtgcggacttcaaatccgtagtcgatttgcgtcgaagtggttcgattccacctggggggcgcca,0,tdbR00000600,gccccactgaacttcggtggtccggggtgcggacttcaaatccgtagtcgatttgcgtcgaagtggttcgattccacctggggggcgcca,NA,NA,NA,NA,NA,NA
Ser_cluster1,gcagtcgtggccgagcggttaaggcgtctgactagaaatcagattccctctgggagcgtaggttcgaatcctaccggctgcgcca,2,tdbR00000426,gcagtcgtggccgagtggttaaggcgtctgactcgaaatcagattccctctgggagcgtaggttcgaatcctaccggctgcgcca,1,tdbR00000425,gcagtcgtggccgagcggttaaggcgtctgactagaaatcagattccctctgggagcgtaggttcgaatcctaccgactgcgcca,NA,NA,NA
Ser_cluster2,gacgaggtggccgagnggttaaggcgttggactgctaatccaatgtgctctgcacgcgtgggttcgaatcccatcctcgtcgcca,0,tdbR00000424,gacgaggtggccgagtggttaaggcgttggactgctaatccaatgtgctctgcacgcgtgggttcgaatcccatcctcgtcgcca,NA,NA,NA,NA,NA,NA
Tyr_cluster1,ccttcgatagctcagttggtagagcggtggactgtagatccataggtcgctggttcaantccggctcgaaggacca,0,tdbR00000564,ccttcgatagctcagttggtagagcggtggactgtagatccataggtcgctggttcaaatccggctcgaaggacca,NA,NA,NA,NA,NA,NA
Val_cluster1,gtttccgtggtgtagnggttatcacatcngcctaacacgcngaaggcccccggttcnatcccgggcggaaacacca,0,tdbR00000472,gtttccgtggtgtagcggttatcacatctgcctaacacgcagaaggcccccggttcgatcccgggcggaaacacca,NA,NA,NA,NA,NA,NA
Val_cluster2,gnttccntagtgtagcggttatcacgtntgcttnacacgcanaaggtcnccggttcgancccggnnggnancacca,0,tdbR00000473,gtttccgtagtgtagcggttatcacgtgtgcttcacacgcacaaggtccccggttcgaacccgggcgggaacacca,4,tdbR00000472,gtttccgtggtgtagcggttatcacatctgcctaacacgcagaaggcccccggttcgatcccgggcggaaacacca,0,tdbR00000474,ggttccatagtgtagcggttatcacgtctgctttacacgcagaaggtctccggttcgatcccggatggaaccacca
Ala_cluster1,ggggatgtagctcagtggtagagcgctcgcttngcatgtgagaggtcccgggttcgatccccggcatctccacca,NA,NA,NA,NA,NA,NA,NA,NA,NA
Arg_cluster3,gaccgtgtggcctaatggataaggcgtcggacttcggatccgaagattgcaggttcgagtcctgtcacggtcgcca,NA,NA,NA,NA,NA,NA,NA,NA,NA
Arg_cluster4,gnccctttngcgcannggatagcgcgttggacttctaatccaaaggtngcgggttcgatncccgcaagggntgcca,NA,NA,NA,NA,NA,NA,NA,NA,NA
Arg_cluster1,ggtcctgtggcgcaatggataacgcgtctgactacggatcagaagattccaggttcgactcctggcaggatcgcca,NA,NA,NA,NA,NA,NA,NA,NA,NA
Arg_cluster2,gccccagtggcctaatggataaggcatcggcctcctaagccggggattgtgggttcgagtcccatctggggtacca,NA,NA,NA,NA,NA,NA,NA,NA,NA
Asn_cluster4,gcctccgtggcgcaattggttagcgcgttcggctgttaaccgaaaggttggtggttcgagtccacccgggggcgcca,NA,NA,NA,NA,NA,NA,NA,NA,NA
Asp_cluster1,tcctcgatagtatagtggttagtatccccgcctgtcacgcgggagaccggggttcaattccccgtcggggagcca,NA,NA,NA,NA,NA,NA,NA,NA,NA
Cys_cluster1,gggggtatagctcaggggtagagcattcgactgcagatcgagaggtccccggttcaaatccgggtgccccctcca,NA,NA,NA,NA,NA,NA,NA,NA,NA
Gln_cluster1,ggttctatggtgtaatggttagcactctggactctgaatccagcgatccgagttcaaatctcggtagaacctcca,NA,NA,NA,NA,NA,NA,NA,NA,NA
Ile_cluster1,ggcccattagctcagttggttagagcgtcgtgctaataacgcgaaggtcgcgggttcgatcccctcatgggccacca,NA,NA,NA,NA,NA,NA,NA,NA,NA
Gly_cluster1,gcatcggtggttcagtggtagaatgctcgcctgccacgcgggcggccngggttcgattcccggccgatgcacca,NA,NA,NA,NA,NA,NA,NA,NA,NA
Gly_cluster2,gcgtcggtggtgtaatggtnagcatagttgccttccaagcagttganccgggttcgattcccggccgacgcacca,NA,NA,NA,NA,NA,NA,NA,NA,NA
Leu_cluster4,gncaggttggccgagcggtctaaggcgccagatttaagctctggttctcgagagngagcgtgggttcgaaccccacacctgncacca,NA,NA,NA,NA,NA,NA,NA,NA,NA
Leu_cluster2,gtcaggatggccgagcggtctaaggcgccagactcaagttctggtcctctctgagggcgtgggttcgaatcccacttctgacacca,NA,NA,NA,NA,NA,NA,NA,NA,NA
Ile_cluster2,gctccagtggcgcaattggttagcgcacggtacttataatgccggggttgtgagttcgagcctcacctggagcacca,NA,NA,NA,NA,NA,NA,NA,NA,NA
Leu_cluster1,ggnagcgtggccgagcggtctaaggcgctggtttnaggcaccagtcnncnnnnnggcgtgggttcgaatcccaccgctgncacca,NA,NA,NA,NA,NA,NA,NA,NA,NA
Pro_cluster1,ggctcgttggtctaggggtatgattctcgcttcgggtgcgagaggtcccgggttcaaatcccggacgagccccca,NA,NA,NA,NA,NA,NA,NA,NA,NA
Met_cluster1,gcctcgntggcgcagttggcagcgcgtaagtctcataatcttaaggtcgtgagttcgagcctcacncggggcacca,NA,NA,NA,NA,NA,NA,NA,NA,NA
Leu_cluster3,gtcaggatggccgagtggtctaaggcgctgcgttcaggtcgcagtctactctgtaggcgtgggttcgaatcccacttctgacacca,NA,NA,NA,NA,NA,NA,NA,NA,NA
Trp_cluster1,gactccgtggcgcaacggtagcgcgtcngactccagatcngaaggttgcgtgttcaaatcacgtcggggtcacca,NA,NA,NA,NA,NA,NA,NA,NA,NA
Ser_cluster3,gntgcggtgtccgagtggttaaggagatggacttgaaatccattgggttctacccgcncaggttcnantcctgtccgcagcgcca,NA,NA,NA,NA,NA,NA,NA,NA,NA
Thr_cluster1,ggcgccgtggcttagttggttaaagcgcctgtctagtaaacaggagatcgtgagttcgaatntcgccggggcctcca,NA,NA,NA,NA,NA,NA,NA,NA,NA
Thr_cluster2,gcctctttagctcagtggcagagcactggtcttgtaaaccaggggccgtgagttcaatcctcacaggaggcacca,NA,NA,NA,NA,NA,NA,NA,NA,NA
