getName.ref1.,ref1Seq,V3,V4,V5,V6,V7,V8
tdbR00000060,tcccatatggtctagtggctaggatatctggctttcacccagaaggcccgggttcgattcccggtatgggaacca,5,Glu_cluster1,tcccatattgtctagtggttaggatatccggctctcacccggaaggcccgggttcnattcccggtatgggaacca,NA,NA,NA
tdbR00000147,ggccgtgatcgtctagtggttaggaccccacgttgtggccgtggtaacccaggttcgaatcctggtcacggcacca,2,His_cluster2,gccgtgatcgtctagtggttaggaccccacgttgtggccgtggtaacccaggttcgaatcctggtcacggcacca,NA,NA,NA
tdbR00000533,agcagagtggcgcagtggaagcgtgctgggcccataacccagaggtccgaggatcgaaaccttgctctgctacca,0,Met_cluster2,agcagagtggcgcagtggaagcgtgctgggcccataacncagaggtccgaggatcgaaaccttgctctgctacca,NA,NA,NA
tdbR00000202,gcccggatagctcagtcggtagagcattggacttttaatccaagggtccagggttcaagtccctgttcgggcgcca,0,Lys_cluster2,gcccggntagctcagtcggtagagcattggacttttaatccaagggtccagggttcaagtccctgntcgggcgcca,NA,NA,NA
tdbR00000201,gcccggctagctcagtcggtagagcatgagactcttaatctcagggtcgtgggttcgagccccacgttgggcgcca,0,Lys_cluster1,gcccggctagctcagtcggtagagcatgagactcttaatctcagggtcgtgggttcgagccccacgttgggcgcca,NA,NA,NA
tdbR00000095,gccgaaatagctcagttgggagagcgttagactgaagatctaaaggtccccggttcaatcccgggtttcggcacca,0,Phe_cluster2,gccgaaatagctcagttgggagagcgttagactgaagatctaaaggtccccggttcaatcccgggtttcggcacca,NA,NA,NA
tdbR00000600,gccccactgaacttcggtggtccggggtgcggacttcaaatccgtagtcgatttgcgtcgaagtggttcgattccacctggggggcgcca,0,tRNA-SeC-TCA-1-1,gccccactgaacttcggtggtccggggtgcggacttcaaatccgtagtcgatttgcgtcgaagtggttcgattccacctggggggcgcca,NA,NA,NA
tdbR00000426,gcagtcgtggccgagtggttaaggcgtctgactcgaaatcagattccctctgggagcgtaggttcgaatcctaccggctgcgcca,2,Ser_cluster1,gcagtcgtggccgagcggttaaggcgtctgactagaaatcagattccctctgggagcgtaggttcgaatcctaccggctgcgcca,NA,NA,NA
tdbR00000424,gacgaggtggccgagtggttaaggcgttggactgctaatccaatgtgctctgcacgcgtgggttcgaatcccatcctcgtcgcca,0,Ser_cluster2,gacgaggtggccgagnggttaaggcgttggactgctaatccaatgtgctctgcacgcgtgggttcgaatcccatcctcgtcgcca,NA,NA,NA
tdbR00000425,gcagtcgtggccgagcggttaaggcgtctgactagaaatcagattccctctgggagcgtaggttcgaatcctaccgactgcgcca,1,Ser_cluster1,gcagtcgtggccgagcggttaaggcgtctgactagaaatcagattccctctgggagcgtaggttcgaatcctaccggctgcgcca,NA,NA,NA
tdbR00000564,ccttcgatagctcagttggtagagcggtggactgtagatccataggtcgctggttcaaatccggctcgaaggacca,0,Tyr_cluster1,ccttcgatagctcagttggtagagcggtggactgtagatccataggtcgctggttcaantccggctcgaaggacca,NA,NA,NA
tdbR00000473,gtttccgtagtgtagcggttatcacgtgtgcttcacacgcacaaggtccccggttcgaacccgggcgggaacacca,0,Val_cluster2,gnttccntagtgtagcggttatcacgtntgcttnacacgcanaaggtcnccggttcgancccggnnggnancacca,NA,NA,NA
tdbR00000472,gtttccgtggtgtagcggttatcacatctgcctaacacgcagaaggcccccggttcgatcccgggcggaaacacca,0,Val_cluster1,gtttccgtggtgtagnggttatcacatcngcctaacacgcngaaggcccccggttcnatcccgggcggaaacacca,4,Val_cluster2,gnttccntagtgtagcggttatcacgtntgcttnacacgcanaaggtcnccggttcgancccggnnggnancacca
tdbR00000474,ggttccatagtgtagcggttatcacgtctgctttacacgcagaaggtctccggttcgatcccggatggaaccacca,0,Val_cluster2,gnttccntagtgtagcggttatcacgtntgcttnacacgcanaaggtcnccggttcgancccggnnggnancacca,NA,NA,NA
