getName.ref2.,ref2Seq,V3,V4,V5,V6,V7,V8
Ala_cluster1,gggcgtgtggcgtagtcggtagcgcgctcccttagcatgggagaggtctccggttcgattccggactcgtccacca,0,tdbR00000012,gggcgtgtggcgtagtcggtagcgcgctcccttagcatgggagaggtctccggttcgattccggactcgtccacca,NA,NA,NA
Arg_cluster1,ttcctcgtggcccaatggtcacggcgtctggctacgaaccagnagattccaggttcnagtcctggcggggaagcca,0,tdbR00000369,ttcctcgtggcccaatggtcacggcgtctggctacgaaccagaagattccaggttcaagtcctggcggggaagcca,NA,NA,NA
Arg_cluster2,gctcgcgtggcgtaatggcaacgcgtctgacttctaatcagaagattatgggttcgacccccatcgtgagtgcca,0,tdbR00000370,gctcgcgtggcgtaatggcaacgcgtctgacttctaatcagaagattatgggttcgacccccatcgtgagtgcca,2,tdbR00000371,gcttgcgtggcgtaatggcaacgcgtctgacttctaatcagaagattatgggttcgacccccatcgtgagtccca
Asn_cluster4,gactccatggccaagttggttaaggcgtgcgactgttaatcgcaagatcgtgagttcaaccctcactggggtcgcca,0,tdbR00000300,gactccatggccaagttggttaaggcgtgcgactgttaatcgcaagatcgtgagttcaaccctcactggggtcgcca,NA,NA,NA
Asp_cluster1,tccnnnanagtttaatggtcagaatgggcgcttgtcgcgtgccagatcggggttcaattccccgtcgcggagcca,0,tdbR00000035,tccgtgatagtttaatggtcagaatgggcgcttgtcgcgtgccagatcggggttcaattccccgtcgcggagcca,NA,NA,NA
Cys_cluster1,gctcgtatggcgcagtggtagcgcagcagattgcaaatctgttggtccttagttcgatcctgagtgcgagctcca,0,tdbR00000021,gctcgtatggcgcagtggtagcgcagcagattgcaaatctgttggtccttagttcgatcctgagtgcgagctcca,NA,NA,NA
Glu_cluster1,tccgatatagtgtaacggctatcacatcacgctttcaccgtggagaccggggttcgactccccgtatcggagcca,0,tdbR00000054,tccgatatagtgtaacggctatcacatcacgctttcaccgtggagaccggggttcgactccccgtatcggagcca,NA,NA,NA
Gly_cluster1,gcgcaagtggtttagtggtaaaatccaacgttgccatcgttgggcccccggttcgattccgggcttgcgcacca,2,tdbR00000129,gcgcaagtggtttagtggtaaaatccaacgttgccatcgttgggccccggttcgattccgggcttgcgcacca,NA,NA,NA
Gly_cluster2,gggcggttagtgtagtggttatcatcccacccttccaaggtggggacacgggttcgattctcgtaccgctcacca,0,tdbR00000130,gggcggttagtgtagtggttatcatcccaccctnccaaggtggggacacgggttcgattctcgtaccgctcacca,NA,NA,NA
His_cluster3,gccatcttagtatagtggttagtacacatcgttgtggccgatgaaaccctggttcgattctaggagatggcacca,6,tdbR00000144,ggccatcttagtatagtggttagtacacaacattgtggctgttgaaaccctggttcgattctaggaggtggcacca,1,tdbR00000145,ggccatcttagtatagtggttagtacacatcgttgtggccgatgaaaccctggttcgattctaggagatggcacca
Ile_cluster1,ggtctcttggcccagttggttaaggcaccgtgctaataacgcggggatcagcggttcgatcccgctagagaccacca,0,tdbR00000170,ggtctcttggcccagttggttaaggcaccgtgctaataacgcggggatcagcggttcgatcccgctagagaccacca,NA,NA,NA
Leu_cluster1,ggttgtttggccgagcggtctaaggcgcctgattcaagctcaggtatcgtaagatgcaagagttcgaatctcttagcaaccacca,0,tdbR00000249,ggttgtttggccgagcggtctaaggcgcctgattcaagctcaggtatcgtaagatgcaagagttcgaatctcttagcaaccacca,NA,NA,NA
Leu_cluster2,ggagggttggccgagtggtctaaggcggcagacttaagatctgttggacggttgtccgcgcgagttcgaacctcgcatccttcacca,0,tdbR00000251,ggagggttggccgagtggtctaaggcggcagacttaagatctgttggacggttgtccgcgcgagttcgaacctcgcatccttcacca,NA,NA,NA
Leu_cluster3,gggagtttggccgagtggtttaaggcgtcagatttaggctctgatatcttcggatgcaagggttcgaatcccttagctctcacca,0,tdbR00000250,gggagtttggccgagtggtttaaggcgtcagatttaggctctgatatcttcggatgcaagggttcgaatcccttagctctcacca,NA,NA,NA
Lys_cluster1,gccttgttggcgcaatcggtagcgcgtatgactcttaatcataaggttaggggttcgagccccctacagggctcca,0,tdbR00000192,gccttgttggcgcaatcggtagcgcgtatgactcttaatcataaggttaggggttcgagccccctacagggctcca,NA,NA,NA
Lys_cluster2,tccttgttagctcagttggtagagcgttcggcttttaaccgaaatgtcaggggttcgagccccctatgaggagcca,0,tdbR00000193,tccttgttagctcagttggtagagcgttcggcttttaaccgaaatgtcaggggttcgagccccctatgaggagcca,NA,NA,NA
Met_cluster1,gcttcagtagctcagtaggaagagcgtcagtctcataatctgaaggtcgagagttcgaacctcccctggagcacca,1,tdbR00000284,gcttcagtagctcagtaggaagagcgtcagtctcataatctgaaggtcgagagttcgaacctctcctggagcacca,NA,NA,NA
Met_cluster2,agcgccgtggcgcagtggaagcgcgcagggctcataaccctgatgtcctcggatcgaaaccgagcggcgctacca,0,tdbR00000526,agcgccgtggcgcagtggaagcgcgcagggctcataaccctgatgtcctcggatcgaaaccgagcggcgctacca,NA,NA,NA
Phe_cluster1,gcgganttagctcagttgggagagcgccagactgaagatctggaggtcctgtgttcgatccacaganttcgcacca,0,tdbR00000083,gcggatttagctcagttgggagagcgccagactgaagatctggaggtcctgtgttcgatccacagaattcgcacca,0,tdbR00000084,gcggacttagctcagttgggagagcgccagactgaagatctggaggtcctgtgttcgatccacagagttcgcacca
Pro_cluster1,gggcgtgtggtctagtggtatgattctcgctttgggtgcgagaggccctgggttcaattcccagctcgcccccca,0,tdbR00000323,gggcgtgtggtctagtggtatgattctcgctttgggtgcgagaggccctgggttcaattcccagctcgcccccca,0,tdbR00000324,gggcgtgtggtctagtggtatgattctcgctttgggtgcgagaggccctgggttcaattcccagctcgcccccca
Ser_cluster1,ggcaacttggccgagtggttaaggcgaaagattagaaatcttttgggctttgncccgcgcaggttcgagtcctgcagttgtcgcca,5,tdbR00000407,ggcaacttggccgagtggttaaggcgaaagattagaaatcttttgggctctgcccgcgcaggttcaaatcctgcagttgtcgcca,2,tdbR00000408,ggcaacttggccgagtggttaaggcgaaagattagaaatcttttgggctttgcccgcgcaggttcgagtcctgcagttgtcgcca
Ser_cluster3,ggcactatggccgagtggttaaggcganagactngaaatctnttgggctctgcccgcgctggttcaaatcctgctggtgtcgcca,7,tdbR00000407,ggcaacttggccgagtggttaaggcgaaagattagaaatcttttgggctctgcccgcgcaggttcaaatcctgcagttgtcgcca,0,tdbR00000406,ggcactatggccgagtggttaaggcgacagacttgaaatctgttgggctctgcccgcgctggttcaaatcctgctggtgtcgcca
Thr_cluster1,gcttctatggccaagttggtaaggcgccacactagtaatgtggagatcatcggttcaaatccgattggaagcacca,0,tdbR00000443,gcttctatggccaagttggtaaggcgccacactagtaatgtggagatcatcggttcaaatccgattggaagcacca,2,tdbR00000444,gcttctatggccaagttggtaaggcgccacactagtaatgtggagatcgtcggttcaaatccgactggaagcacca
Trp_cluster3,gaagcggtggctcaatggtagagctttcgactccaaatcgaagggttgcaggttcaattcctgtccgtttcacca,0,tdbR00000494,gaagcggtggctcaatggtagagctttcgactccaaatcgaagggttgcaggttcaattcctgtccgtttcacca,NA,NA,NA
Tyr_cluster3,ctctcggtagccaagttggtttaaggcgcaagactgtaaatcttgagatcgggcgttcgactcgcccccgggagacca,0,tdbR00000555,ctctcggtagccaagttggtttaaggcgcaagactgtaaatcttgagatcgggcgttcgactcgcccccgggagacca,NA,NA,NA
Val_cluster1,ggtttcgtggtctagtcggttatggcatctgcttaacacgcagaacgtccccagttcgatcctgggcgaaatcncca,0,tdbR00000464,ggtttcgtggtctagtcggttatggcatctgcttaacacgcagaacgtccccagttcgatcctgggcgaaatcacca,NA,NA,NA
Val_cluster2,gttccaatagtgtagcggctatcacgttgccttcacacggcaaaggtcccgagttcgatcctcggttggaacacca,0,tdbR00000465,gttccaatagtgtagcggctatcacgttgccttcacacggcaaaggtcccgagttcgatcctcggttggaacacca,NA,NA,NA
Val_cluster3,ggtccaatggtccagtggttcaagacgtcgcctttacacggcgaagatcccgagttcgaacctcggttggatcacca,0,tdbR00000466,ggtccaatggtccagtggttcaagacgtcgcctttacacggcgaagatcccgagttcgaacctcggttggatcacca,NA,NA,NA
Arg_cluster3,gctcctctagtgcaatggttagcatgcattcttccggtggctgtgatccgggttcgagtcccgggaggagctcca,NA,NA,NA,NA,NA,NA
Ala_cluster2,gggcacatggcgcagttggtagcgcgcttcccttgcaaggaagaggtcatcggttcgattccggttgcgtccaccca,NA,NA,NA,NA,NA,NA
Ile_cluster2,gctcgtgtagctcagtggttagagcttcgtgcttataacgcgaccgtcgtgggttcaanccccacctcgagcacca,NA,NA,NA,NA,NA,NA
Ser_cluster2,gtcccagtggccgagtggttaaggcgatgccctgctaaggcattgggttttacctgcgcaggttcgaatcctgtctgtgacgcca,NA,NA,NA,NA,NA,NA
Arg_cluster4,gttccgttggcgtaatggtaacgcgtctccctcctaaggagaagactgcgggttcgagtcccgtacggaacgcca,NA,NA,NA,NA,NA,NA
Thr_cluster3,gcccttttggccaagtggtaaggcatcgcactcgtaatgcggggatcgtgggttcaattcccacagagggcacca,NA,NA,NA,NA,NA,NA
Leu_cluster4,ggtactctggccgagtggtctaaggcgtcaggtcgaggtcctgatctcttcggaggcgcgggttcaaaccccgcgggtatcacca,NA,NA,NA,NA,NA,NA
Gln_cluster1,ggtnntatagtgtagtggttatcactttcggttttgatccgnacaaccccggttcgaatccgggtangacctcca,NA,NA,NA,NA,NA,NA
Gly_cluster3,gcgnaagtggttcagtggttagaattnatgcttcccaagcatgnggcccgggttcgattcccggcttncgcacca,NA,NA,NA,NA,NA,NA
Thr_cluster2,gcctccttagcttagtggtagagcgttgcacttgtaatgcaaaggtcgntagttcaattctgncaggtggcacca,NA,NA,NA,NA,NA,NA
